USE COMPANY
GO

INSERT INTO DEPARTMENT VALUES
     ('A',10, 'Joan Micro', '2005-10-12');
INSERT INTO DEPARTMENT VALUES
     ('B',25, 'John Doe', '2001-12-10');
INSERT INTO DEPARTMENT VALUES
     ('C',101, 'Om Singh', '2000-08-19');
INSERT INTO DEPARTMENT VALUES
     ('D',145, 'Tameka Fisher', '2000-08-16');
INSERT INTO DEPARTMENT VALUES
     ('E',87, 'Jacquline Duncan', '2007-09-25');
INSERT INTO DEPARTMENT VALUES
     ('F',95, 'Latasha Hays', '2011-12-01');
INSERT INTO DEPARTMENT VALUES
     ('G',563, 'Pamelia Newman', '2015-01-02');
INSERT INTO DEPARTMENT VALUES
     ('H',987, 'Zach Baldwin', '2015-12-31');
INSERT INTO DEPARTMENT VALUES
     ('I',1010, 'Deep Patel', '2001-10-24');
INSERT INTO DEPARTMENT VALUES
     ('J',486, 'Steven Smith', '2018-06-10');



INSERT INTO PROJECT VALUES
     ('OLDE MARIETTA APARTMENTS', 125677,'MARIETTA', 506);
INSERT INTO PROJECT VALUES
     ('ANTELLIA', 145978,'MUMBAI', 504);
INSERT INTO PROJECT VALUES
     ('EMPIRE STATE', 120423,'NEW YORK', 501);
INSERT INTO PROJECT VALUES
     ('CHRYSLER', 679468,'NEW YORK', 508);
INSERT INTO PROJECT VALUES
     ('BANK OF AMERICA TOWER', 600000,'MIAMI', 501);
INSERT INTO PROJECT VALUES
     ('EAST SIDE BUILDING', 098009,'KEYWEST', 509);
INSERT INTO PROJECT VALUES
     ('COCA COLA FACTORY', 404433,'ATLANTA', 503);
INSERT INTO PROJECT VALUES
     ('LV ACQUARIUM', 228776,'LAS VEGAS', 504);
INSERT INTO PROJECT VALUES
     ('WHITE WATER', 243649,'DELHI', 502);
INSERT INTO PROJECT VALUES
     ('COBB COUNTY PARK', 000001,'KENNESAW', 502);
INSERT INTO PROJECT VALUES
     ('RALEIGH INTERNATIONAL AIRPORT', 001122,'RALEIGH', 500);
INSERT INTO PROJECT VALUES
     ('PITTSBURGH HISTORY MUSEUM', 001212, 'PITTSBURGH', 505);
INSERT INTO PROJECT VALUES
     ('NEW YORK GROCERY', 010101, 'NEW YORK CITY', 507);


INSERT INTO LOCATION VALUES
     ('MARIETTA',506);
INSERT INTO LOCATION VALUES
     ('LAS VEGAS',504);
INSERT INTO LOCATION VALUES
     ('MIAMI',501);
INSERT INTO LOCATION VALUES
     ('NEW YORK',508);
INSERT INTO LOCATION VALUES
     ('ATLANTA',506);
INSERT INTO LOCATION VALUES
     ('NEW YORK CITY',501);
INSERT INTO LOCATION VALUES
     ('NEW YORK CITY',507);
INSERT INTO LOCATION VALUES
     ('PITTSBURGH',505);
INSERT INTO LOCATION VALUES
     ('HOUSTON',509);
INSERT INTO LOCATION VALUES
     ('KEYWEST',509);
INSERT INTO LOCATION VALUES
     ('MUMBAI',504);
INSERT INTO LOCATION VALUES
     ('DELHI',502);
INSERT INTO LOCATION VALUES
     ('KENNESAW',502);
INSERT INTO LOCATION VALUES
     ('RALEIGH', 500);
INSERT INTO LOCATION VALUES
     ('DULUTH', 503);


INSERT INTO EMPLOYEE VALUES
     ('Deep Patel',123456789, '9273 Thomas Avenue,New York City,New York', 250000, 'M', '1950-12-10', NULL, 508);
INSERT INTO EMPLOYEE VALUES
     ('Rutvik Marakana',123456788, '910 Vine Street,New York City, New York', 150000, 'M', '1950-10-12', 'Deep Patel', 508);
INSERT INTO EMPLOYEE VALUES
     ('Steven Smith',123456787, '796C Hornet Village,Keywest,Florida', 150000, 'M', '1956-12-31', NULL, 509);
INSERT INTO EMPLOYEE VALUES
     ('Joan Micro',123456786, '988 Pearl Lane,Raleigh,North Carolina', 100500, 'M', '1959-10-25', NULL, 500);
INSERT INTO EMPLOYEE VALUES
     ('John Doe',123456785, '120 JFK Street,Jersey City,New Jersey', 120000, 'M', '1950-06-19', NULL, 501);
INSERT INTO EMPLOYEE VALUES
     ('Tameka Fisher',123456784, '107 River Drive,Atlanta,Georgia', 200000, 'F', '1970-09-26', NULL,503);
INSERT INTO EMPLOYEE VALUES
     ('Jacquline Duncan', 123456783, '120 Galaxy Apartments,Kandivali,Mumbai,Maharashtra,India', 170000, 'F', '1959-06-15', NULL,504);
INSERT INTO EMPLOYEE VALUES
     ('Latasha Hays',123456782, '769 West Road,Pittsburgh,Pennsylvania', 170000, 'F', '1949-07-16', NULL, 505);
INSERT INTO EMPLOYEE VALUES
     ('Pamelia Newman',123456781, '927 Hornet Road,Acworth,Georgia', 85000, 'F', '1956-12-30', NULL, 506);
INSERT INTO EMPLOYEE VALUES
     ('Zach Baldwin',123456780, '7014 Manor Station Rd.,New York City,New York', 135000, 'F', '1967-09-27', NULL, 507);
INSERT INTO EMPLOYEE VALUES
     ('Thomas Garr',123456700, '15 Brown Street,Houston,Texas', 50000, 'M', '1945-05-25', 'Steven Smith', 509);
INSERT INTO EMPLOYEE VALUES
     ('Kaleigh Kendrick',123456701, '8550 Spruce Drive,Raleigh,North Carolina', 80000, 'F', '1959-02-27','Joan Micro', 500);
INSERT INTO EMPLOYEE VALUES
     ('Om Singh',123456702, '145 Chestnut Ave.,Delhi,India', 125000, 'M', '1950-06-10', NULL, 502);
INSERT INTO EMPLOYEE VALUES
     ('Douglas Pearl',123456703, '19 Brown Street,Pittsburgh,Pennsylvania', 85000, 'M', '1934-09-25','Latasha Hays', 505);
INSERT INTO EMPLOYEE VALUES
     ('Matt Krail',123456708, '769 West Road,Delhi,India', 65000, 'M', '1950-06-15', 'Om Singh', 502);



INSERT INTO EMPLOYEE_HOURS_PER_WEEK VALUES 
     (100, 5003, '2019-05-15', 40);
INSERT INTO EMPLOYEE_HOURS_PER_WEEK VALUES 
     (101, 5003, '2019-05-15', 20);
INSERT INTO EMPLOYEE_HOURS_PER_WEEK VALUES 
     (102, 5005, '2019-05-31', 40);
INSERT INTO EMPLOYEE_HOURS_PER_WEEK VALUES 
     (103, 5010, '2019-06-15', 25);
INSERT INTO EMPLOYEE_HOURS_PER_WEEK VALUES 
     (104, 5004, '2019-06-15', 27);
INSERT INTO EMPLOYEE_HOURS_PER_WEEK VALUES 
     (105, 5006, '2019-07-15', 15);
INSERT INTO EMPLOYEE_HOURS_PER_WEEK VALUES 
     (106, 5001, '2019-10-15', 40);
INSERT INTO EMPLOYEE_HOURS_PER_WEEK VALUES 
     (107, 5011, '2019-11-08', 30);
INSERT INTO EMPLOYEE_HOURS_PER_WEEK VALUES 
     (108, 5000, '2019-09-08', 29);
INSERT INTO EMPLOYEE_HOURS_PER_WEEK VALUES 
     (109, 5012, '2019-05-15', 40);
INSERT INTO EMPLOYEE_HOURS_PER_WEEK VALUES 
     (110, 5005, '2019-05-15', 25);
INSERT INTO EMPLOYEE_HOURS_PER_WEEK VALUES 
     (111, 5010, '2019-06-15', 40);
INSERT INTO EMPLOYEE_HOURS_PER_WEEK VALUES 
     (112, 5008, '2019-01-15', 14);
INSERT INTO EMPLOYEE_HOURS_PER_WEEK VALUES 
     (113, 5011, '2019-11-08', 37);
INSERT INTO EMPLOYEE_HOURS_PER_WEEK VALUES 
     (114, 5008, '2019-01-15', 40);


INSERT INTO EmployeeDependent VALUES
     ('Jeffrey', 100, 'M','1951-12-12');
INSERT INTO EmployeeDependent VALUES
     ('David', 102, 'M','1950-12-31');
INSERT INTO EmployeeDependent VALUES
     ('Tiffany', 102, 'F','1950-12-31');
INSERT INTO EmployeeDependent VALUES
     ('Fred', 105, 'M','1960-09-25');
INSERT INTO EmployeeDependent VALUES
     ('Mary', 106, 'F','1950-06-12');
INSERT INTO EmployeeDependent VALUES
     ('Susan' ,107, 'F','1950-07-12');
INSERT INTO EmployeeDependent VALUES
     ('Selma', 107, 'F','1960-01-12');
INSERT INTO EmployeeDependent VALUES
     ('Linda', 110, 'F','1940-06-25');
INSERT INTO EmployeeDependent VALUES
     ('Chris', 113, 'M','1920-09-25');
INSERT INTO EmployeeDependent VALUES
     ('Jo Anne', 114, 'F','1940-09-12');


